<!DOCTYPE node PUBLIC "-//freedesktop//DTD D-BUS Object Introspection 1.0//EN"
"http://www.freedesktop.org/standards/dbus/1.0/introspect.dtd">
<node>
        <interface name="org.freedesktop.RealtimeKit1">
                <method name="MakeThreadRealtime">
                        <arg name="thread" type="t" direction="in"/>
                        <arg name="priority" type="u" direction="in"/>
                </method>
                <method name="MakeThreadRealtimeWithPID">
                        <arg name="process" type="t" direction="in"/>
                        <arg name="thread" type="t" direction="in"/>
                        <arg name="priority" type="u" direction="in"/>
                </method>
                <method name="MakeThreadHighPriority">
                        <arg name="thread" type="t" direction="in"/>
                        <arg name="priority" type="i" direction="in"/>
                </method>
                <method name="MakeThreadHighPriorityWithPID">
                        <arg name="process" type="t" direction="in"/>
                        <arg name="thread" type="t" direction="in"/>
                        <arg name="priority" type="i" direction="in"/>
                </method>
                <method name="ResetKnown"/>
                <method name="ResetAll"/>
                <method name="Exit"/>
                <property name="RTTimeUSecMax" type="x" access="read"/>
                <property name="MaxRealtimePriority" type="i" access="read"/>
                <property name="MinNiceLevel" type="i" access="read"/>
        </interface>
        <interface name="org.freedesktop.DBus.Properties">
                <method name="Get">
                       <arg name="interface" direction="in" type="s"/>
                       <arg name="property" direction="in" type="s"/>
                       <arg name="value" direction="out" type="v"/>
                </method>
        </interface>
        <interface name="org.freedesktop.DBus.Introspectable">
                <method name="Introspect">
                        <arg name="data" type="s" direction="out"/>
                </method>
        </interface>
</node>
